{
  "precision_at_10": 0.07648295852831404,
  "recall_at_10": 0.05179950231157096,
  "ndcg_at_10": 0.08254616493410889,
  "evaluated_users": 52783,
  "top_n": 10
}